{"cameraMode":{"drawMode":0,"name":"Shaded","section":"Shading Mode"},"sceneLighting":true,"audioPlay":false,"sceneViewState":{"showFog":true,"showMaterialUpdate":false,"showSkybox":true,"showFlares":true,"showImageEffects":true,"showParticleSystems":true,"showVisualEffectGraphs":true,"m_FxEnabled":true},"in2DMode":false,"pivot":{"x":0.34771156311035159,"y":2.423401355743408,"z":7.015847206115723},"rotation":{"x":-0.10829249024391175,"y":0.37674662470817568,"z":-0.044399671256542209,"w":-0.9188938140869141},"size":7.1749982833862309,"orthographic":false}